ID,NAME,AGE,PHOTO,PHONE_NUMBER,EMAIL,ID_NUMBER,LANGUAGE
1,Jiro,20,,012-3456-7890,jiro@example.com,1000000001,Japanese English
2,Martin,20,,012-3456-7890,martin@example.com,1000000002,Slovakian English
3,Tomona,20,,012-3456-7890,tomona@example.com,1000000003,Japanese English
4,Alfie,20,,012-3456-7890,alfie@example.com,1000000004,English
5,Aidan,20,,012-3456-7890,aidan@example.com,1000000005,English
6,Travis,20,,012-3456-7890,travis@example.com,1000000006,English
7,Jimmy,20,,012-3456-7890,jimmy@example.com,1000000007,English
8,Leo,20,,012-3456-7890,leo@example.com,1000000008,English
9,Raphael,20,,012-3456-7890,raphael@example.com,1000000009,English
10,Leon,20,,012-3456-7890,leon@example.com,1000000010,English
11,Ebony,20,,012-3456-7890,ebony@example.com,1000000011,English
12,Ernest,20,,012-3456-7890,ernest@example.com,1000000012,English
13,Loan,20,,012-3456-7890,loan@example.com,1000000013,English
14,Elizabeth,20,,012-3456-7890,elizabeth@example.com,1000000014,English
15,Michaela,20,,012-3456-7890,michaela@example.com,1000000015,English
16,Jane,20,,012-3456-7890,jane@example.com,1000000016,English
17,Katy,20,,012-3456-7890,katy@example.com,1000000017,English
18,Hana,20,,012-3456-7890,hana@example.com,1000000018,English
19,Kitty,20,,012-3456-7890,kitty@example.com,1000000019,English
20,Veronica,20,,012-3456-7890,veronica@example.com,1000000020,English
21,Hafsa,20,,012-3456-7890,hafsa@example.com,1000000021,English
22,Isabelle,20,,012-3456-7890,isabelle@example.com,1000000022,English
23,Harris,20,,012-3456-7890,harris@example.com,1000000023,English